character,film,0,1,2,3,4,5,6,7,8,9,10,11,12,13,14,15,16,17,18,19,20,21,22,23,24,25,26,27,28,29,30,31,32,33,34,35,36,37,38,39,40,41,42,43,44,45,46,47,48,49
ACKBAR,EpisodeVI,0.38114784,-0.045353836,0.250289674,-0.052304585,0.236065448,-0.105137211,-0.142368389,0.219687153,-0.0343906,-0.196915698,0.091380639,0.042808451,-0.250390092,0.193119571,-0.027028512,0.034016092,0.189376739,-0.012679621,-0.697659165,-0.304214046,0.062252656,-0.050250875,0.02012541,-0.188921509,0.062456095,-1.10074016,-0.06489296,-0.148757104,0.285976999,0.001783165,2.135300964,0.176718621,-0.417471315,-0.203450481,0.117609948,0.046967743,0.067115674,-0.090912714,-0.213019193,-0.05240457,-0.103009154,0.021530742,0.132233396,-0.225142031,0.150175437,-0.088116691,0.064920022,-0.043237517,-0.066597377,0.066510584
ANAKIN,EpisodeVI,0.316669397,0.255495513,0.072301891,-0.477436498,0.792180002,0.132994995,-0.734317005,0.578932598,-0.457564503,-0.282000497,0.083380198,0.553955495,-0.472085506,-0.226705216,0.598092437,0.422335982,0.044849709,-0.35472231,-0.034783448,0.055607498,-0.458159834,0.562218189,-0.054054997,0.249751925,0.405093744,-1.853547633,-0.044182301,-0.260109988,0.274286702,-0.286912471,2.512700081,0.22144299,-0.487902492,0.012903981,0.200085998,0.008667301,0.232536107,-0.056197509,0.341192007,-0.226929501,-0.048445851,0.338076234,-0.214278996,0.052655518,0.03319975,-0.041460246,-0.252888689,-0.568622127,-0.055533703,0.178097107
BEN,EpisodeVI,0.351034786,0.143531525,-0.001956825,-0.259125342,0.491360516,0.134119428,-0.244852953,0.260424332,-0.264363798,-0.024372132,0.056655391,0.356756467,-0.371961979,-0.030631279,0.290404214,0.20503181,0.088224951,-0.03431186,-0.121787884,-0.119270976,-0.262643992,0.344723514,0.015685338,0.038150989,0.448506466,-1.347693241,-0.361429192,-0.159140302,0.306155698,-0.160604735,2.138018794,0.224247925,-0.194122599,-0.230104317,0.104853494,0.029552684,-0.089492995,-0.01586841,-0.110512777,-0.340656428,-0.172922475,0.057859248,-0.025479173,0.025532783,0.08905448,0.017550128,0.001656993,-0.34711077,-0.140984377,0.012236544
BIB,EpisodeVI,-0.103127494,0.187381243,0.012863831,-0.039052255,0.074261293,-0.340374437,0.058246262,0.164340359,-0.365657973,0.008900133,0.0504818,0.611385902,0.019506512,0.132322429,-0.014673014,0.178714392,0.149835995,0.076520341,0.10210787,0.342824717,0.001304143,0.124904717,0.096968198,0.366885822,0.340567488,-0.466374298,-0.360181987,-0.444127473,-0.263352064,-0.253498156,0.777853345,-0.268847442,-0.278563149,0.25433295,0.325272647,0.142653928,0.054766913,-0.351821121,0.273844292,-0.057653542,0.1186766,0.066058206,-0.226059888,0.040886261,0.135352049,-0.34339336,0.48766948,-0.348221059,0.169168963,0.073301609
BOUSHH,EpisodeVI,0.407995275,0.249569892,-0.151652887,-0.325447604,0.180202454,-0.512366921,-0.131400039,0.28872121,-0.212312927,0.181165216,-0.093344964,0.115888362,0.173606152,-0.031156808,0.549188616,0.320103606,0.085706718,-0.036910762,-0.212701365,-0.091205879,-0.014020036,0.140999567,0.028695544,-0.111352847,0.172912108,-0.733525274,-0.271575212,0.102018983,0.439707654,-0.062647443,1.717486216,0.461062298,-0.361988877,0.103739198,-0.115903081,0.284222282,0.138593812,-0.024757023,-0.062500256,-0.256590811,-0.121602346,-0.031049027,-0.030893316,0.312413288,-0.076031901,-0.102666437,-0.068814043,-0.394045505,-0.102813196,-0.224216714
COMMANDER,EpisodeVI,0.41862052,-0.276379083,0.122140804,-0.321837452,0.397609425,-0.196382999,-0.320465737,0.281351363,-0.430453053,-0.324588018,-0.200930771,-0.038228427,-0.412543739,-0.102596633,0.123970624,0.093135131,0.147605359,-0.138912353,-0.519240003,0.05228358,0.089269452,0.334984118,0.223986368,-0.085710698,-0.093703405,-1.561587972,-0.089279751,-0.213555202,0.300904463,0.162185422,2.509320242,-0.106046678,-0.712631395,-0.14917856,0.182062749,0.070843843,0.084166068,-0.436079998,-0.353271633,-0.066860934,-0.182946745,0.156327777,-0.12740313,-0.243733292,0.361699924,-0.11862073,-0.401923951,-0.080055346,-0.001197598,-0.199848945
CONTROLLER,EpisodeVI,0.394185355,0.083428126,0.319788934,-0.1425584,0.059206654,0.085841212,-0.12189367,0.108012295,0.199782309,-0.490072262,0.077602077,0.400535104,-0.017929478,0.222423407,-0.153132549,0.188888693,0.021153158,-0.081382339,-0.437637717,-0.425819865,0.292481595,-0.111815009,-0.026143368,-0.164302483,0.267993264,-1.005576098,-0.13489204,-0.095213341,0.287138673,-0.176140404,1.928308606,0.092884461,-0.268129554,-0.322596213,0.087442634,0.145207965,0.327900559,-0.121293363,-0.319649072,-0.149788487,0.142279337,-0.132803969,0.347089426,-0.042778901,-0.222818336,0.088439012,0.075088137,-0.106391974,0.008922838,-0.080103561
EMPEROR,EpisodeVI,0.352969569,0.117373261,0.074086075,-0.306217173,0.498376134,-0.13554856,-0.320758449,0.201972894,-0.139649218,-0.006604486,-0.000268039,0.261659509,-0.262545562,-0.019116979,0.371944137,0.297403796,0.227343401,-0.007287182,-0.103881754,-0.360562455,-0.143697738,0.300595019,0.105027021,0.026051011,0.341740756,-1.39615098,-0.371327709,-0.066073496,0.411957741,-0.192839514,2.566892511,0.354196502,-0.369023614,-0.265394099,0.028934655,-0.042677596,0.010014452,-0.051080558,-0.089049142,-0.331154353,-0.20003719,-0.021648412,0.053713238,0.069220326,0.144739762,0.046456914,-0.117256815,-0.082455282,-0.122274713,0.15672007
GUARD,EpisodeVI,0.697698981,0.155487892,-0.044544503,-0.319008887,0.426038995,-0.374300689,0.087455526,0.386132311,-0.422885269,0.023414157,0.041613697,0.526994377,-0.194329489,-0.31420663,0.632466525,0.560851246,-0.06466726,-0.203256488,0.032768987,-0.063930714,-0.141737618,-0.062030748,-0.001616132,-0.308771744,0.655035004,-1.619334459,-0.371162489,-0.275604635,0.197047897,-0.130938019,2.523047566,0.273834504,-0.399570271,-0.125105742,-0.229428675,-0.262589499,0.25930924,0.012587242,-0.470610738,-0.194623262,-0.392460763,-0.042538114,0.0221885,0.061821703,0.157459185,0.102996496,-0.326063514,-0.462636828,-0.350871414,-0.006255747
HAN,EpisodeVI,0.096207382,0.038643305,0.056304279,-0.248800322,0.290160352,-0.192088099,-0.278862025,0.216769289,-0.223364488,0.185028235,-0.128468561,0.356184788,-0.276353708,0.080074105,0.367056706,0.246716163,0.254084189,-0.036545291,0.02919386,-0.26342497,-0.276499683,0.291945729,0.184122204,0.142651153,0.533063549,-1.089468026,-0.466450406,0.11685378,0.481679563,-0.566513415,1.940400358,0.421827193,-0.226157915,0.190004275,-0.006660838,-0.067662795,0.093843186,-0.061611207,0.171538266,-0.220727375,-0.151551708,0.0713128,-0.066231961,0.082691871,0.152261459,-0.001868943,0.070591393,-0.166959301,0.01766952,0.309155754
JABBA,EpisodeVI,0.150851256,0.03476078,0.016518334,-0.169722713,0.299794645,-0.263626465,-0.340193119,0.185793045,-0.257572722,0.195578193,-0.005806785,0.368220679,-0.302339599,0.028064524,0.451109827,0.131183629,0.314995631,-0.041447407,-0.083576964,-0.341512284,-0.138936013,0.17389864,0.078275274,-0.001025136,0.344337821,-1.328767204,-0.238568374,-0.078004137,0.171357278,-0.401912101,2.362473051,0.410601883,-0.428807786,0.028942312,0.00605384,0.02298606,0.005564129,0.074847398,0.028383865,-0.340738141,-0.179491012,0.153251995,-0.027021388,-0.089233715,0.198809822,-0.050170731,-0.019470779,-0.052105796,0.04591491,0.097620186
JERJERROD,EpisodeVI,0.421084077,0.047993614,0.0493791,-0.225589064,0.316833247,-0.132442016,-0.195055857,0.35099352,-0.056255629,-0.172682251,-0.07558543,0.15648161,-0.342609459,-0.058452345,0.233324602,0.109950382,0.162284982,-0.042103357,-0.334174082,-0.344036273,0.048614987,0.137960014,-0.090737575,-0.081049947,0.233724795,-1.308335968,-0.233433698,-0.195239358,0.366879344,-0.142475816,2.473959804,0.287052755,-0.354106644,-0.234219422,0.100041054,0.205700189,0.243559264,-0.139600168,-0.278162347,-0.035187364,-0.189283291,0.00955026,-0.030619096,-0.05065991,0.167631088,0.008362583,-0.138190323,-0.173562513,-0.117460834,-0.050430671
LANDO,EpisodeVI,0.156010071,0.005972492,0.197531678,-0.185051683,0.38658686,-0.107919077,-0.350951372,0.222465456,-0.162933152,-0.045919352,-0.055954771,0.107392993,-0.344416916,0.136681233,0.223670014,0.184694069,0.228914767,-0.13859568,-0.346410488,-0.3858629,-0.176871565,0.14803464,0.144521339,-0.038474575,0.267810833,-1.398162968,-0.235385199,0.079884571,0.421844768,-0.345476037,2.544410178,0.343161049,-0.261110962,0.023110801,0.049663808,-0.09699614,0.018781541,0.024110949,-0.057593422,-0.245840234,-0.210127646,0.053539667,0.079116028,0.067624096,0.108431656,-0.027670115,-0.022197411,-0.123392835,-0.035604593,0.052108369
LEIA,EpisodeVI,0.182714247,0.121793042,0.156980751,-0.28260061,0.404330815,-0.226715111,-0.222714761,0.174467893,-0.295836892,0.087216355,-0.183078927,0.308537763,-0.340452324,0.009386892,0.49847825,0.318560023,0.201403471,-0.027556953,0.041400085,-0.342707827,-0.248572182,0.320520572,0.325249879,0.160351648,0.453045302,-1.48785434,-0.571226485,0.107829575,0.445001853,-0.494606301,2.482617801,0.425238492,-0.304187838,0.007079226,-0.034706064,-0.127834512,0.071272691,-0.041163777,0.151901784,-0.217946324,-0.197733479,0.139863016,0.051590208,0.18579713,0.186449993,0.062311095,-0.107520975,-0.131226327,0.003155739,0.279395668
LUKE,EpisodeVI,0.249967624,0.098506161,0.048672933,-0.262266799,0.448091348,-0.073885473,-0.340329407,0.305859779,-0.296460166,0.022024142,0.002053045,0.37961567,-0.278284399,0.019842417,0.433412527,0.278520115,0.155670512,-0.091196101,-0.008549464,-0.258079242,-0.222666264,0.313881002,0.076686896,0.106038799,0.484598226,-1.404197184,-0.393222663,-0.129075837,0.387744241,-0.429690018,2.285607673,0.340257102,-0.377668196,-0.046129722,0.054733095,-0.006867427,0.031659969,-0.026474031,0.003153436,-0.251212501,-0.171107267,0.098593185,0.008000929,0.059797658,0.154432427,-0.027463298,-0.016661796,-0.268552612,-0.094427487,0.137986954
LURE,EpisodeVI,0.706709981,-0.214169994,0.754209995,-1.848199964,0.015823999,0.196349993,0.612559974,0.898810029,0.32359001,-0.11349,0.206060007,-0.397269994,-0.105269998,0.164299995,1.534399986,-0.316029996,0.600639999,0.274580002,-0.530359983,0.242750004,-0.404350013,-0.140740007,1.233899951,1.029399991,0.827939987,-1.24940002,-1.539600015,-0.640730023,0.306589991,0.068033002,2.088200092,0.066234998,-0.711820006,0.601119995,-1.173900008,-0.384469986,1.059700012,-0.562470019,1.238199949,0.055107001,-0.30794999,-0.840189993,0.505169988,-0.163279995,1.286200047,-0.331290007,-0.34751001,-0.948530018,0.01946,0.569899976
NAVIGATOR,EpisodeVI,-0.314139992,-0.020399,0.513339996,-0.943680048,-0.044030011,-0.176304996,0.353605002,0.262432516,0.094475001,0.615114987,0.121768005,-0.219946504,-0.087099999,-0.109849498,-0.150021642,0.516289949,0.200359985,-0.61480999,0.042989999,-0.849815011,0.443090022,-0.308988005,-0.098532997,-0.600319982,0.422410011,-0.58476001,0.33296001,0.227938503,0.632290006,1.546299934,2.828700066,0.645844996,1.080924988,-0.202140003,-0.1784385,-0.320367485,-0.493604988,-0.175489992,0.004123501,-0.519924998,-0.635164976,-0.025746003,-0.221817002,0.209325001,0.357472509,-0.405070007,0.563089967,0.442705005,0.027155001,0.087889992
NINEDENINE,EpisodeVI,0.293876812,0.112118051,0.053485813,-0.067442757,0.265816533,-0.072751056,-0.299885269,-0.139009339,-0.356911331,0.14197994,0.089576565,0.229098649,-0.107864713,0.164096008,0.294678278,0.243271992,-0.067920233,0.005334154,0.087085107,-0.337228512,-0.196578555,0.229995902,0.138516321,0.133936611,0.307710261,-1.137295355,-0.275040535,-0.060189628,0.142141417,-0.349638653,2.445483128,0.304349063,-0.406280746,-0.131633142,0.085812742,-0.124734944,0.09007184,0.072818911,-0.181097259,-0.104061896,-0.006947366,0.049330474,0.084934914,0.204065504,-0.070018174,0.217122249,0.002551659,0.164270441,-0.232172873,0.11926533
OFFICER,EpisodeVI,0.937054038,0.058051992,0.097351387,-0.281052411,0.744199932,-0.724595964,-0.4180502,0.759648025,0.099136613,-1.136810064,0.09896601,0.723896027,-0.320451975,0.151945785,-0.0405594,0.216018006,-0.164106414,0.109516814,-0.550511956,-0.127748817,0.391698003,0.451287985,0.096338801,-0.123884,0.348699987,-1.338904023,0.051213514,-0.40516004,-0.24920401,0.319391996,1.537259936,0.054733984,-0.840726018,-0.415607989,0.520542026,0.132903114,0.370332003,-0.133074015,-0.232183978,0.143593997,0.0828894,0.277523816,-0.12595202,-0.670888007,0.038840197,0.209724858,-0.253921986,-0.216197014,-0.076069996,0.189265981
OOLA,EpisodeVI,-0.283457518,0.319802523,0.651237547,0.800500035,-1.128507495,-0.506470025,0.736624956,0.107820749,-0.29212001,-0.421375006,-0.568672478,0.383930743,0.322427034,0.074330948,-0.402934998,-0.205099985,-0.142780021,0.149451271,0.837402463,0.789404988,-0.203684002,-0.734972537,0.644545019,0.696597457,0.71243,-0.381307483,-0.8499825,-0.679832458,-0.713864505,-0.064249992,0.589625001,0.260108352,-0.218846232,1.221379995,-0.26907748,-0.177405,-0.071225002,-0.276115,0.164054498,-0.313165009,0.000687245,0.100672245,0.044135008,-0.738484979,0.534878969,-0.095237508,0.179143742,-0.842054963,0.910570025,0.476022482
OPERATOR,EpisodeVI,-0.116939992,0.481774986,-0.076985002,-0.552019954,0.570315003,0.098113999,-0.507740021,0.100465,-0.76197499,-0.45372498,-0.457065016,1.191500068,-0.275357515,-0.640163004,0.37568149,0.288480014,0.626465023,-0.311429977,-0.458544999,-0.492354989,0.145034999,0.497779965,0.090699986,-0.183519989,0.827435017,-1.130079985,-0.659274995,-0.548485041,-0.049219996,0.328799993,1.439369917,-0.052239984,-0.433764994,0.024574995,0.37518999,-0.451799005,0.56485498,-0.112326004,0.004375,-0.408365011,0.470317006,0.535555542,-0.438579977,-0.279694498,-0.089679994,0.467585027,-0.672440052,-0.484640002,0.240444988,0.721605003
PIETT,EpisodeVI,0.46576795,0.132116919,0.262158958,-0.188160442,0.421085972,-0.244255438,-0.148894096,0.222372572,0.061459334,-0.222255891,-0.036360714,0.314020989,-0.163686757,0.17023407,0.098440466,0.317501059,0.096855451,-0.231478546,-0.067551186,-0.58128649,0.302745023,0.051768894,0.095660543,-0.242336086,0.099124065,-1.261966422,0.052156016,-0.203343404,0.353243632,-0.084471643,2.510422379,0.607296107,-0.673355009,-0.188665884,0.180417942,0.072344725,0.095517203,0.026796164,-0.337208536,-0.136929912,-0.114244839,-0.012636424,0.157489398,0.028772005,0.03116988,0.026697748,-0.100438746,0.136278089,-0.07957061,-0.06903554
PILOT,EpisodeVI,-0.556770027,0.671511948,0.403831005,0.618903339,0.888570011,0.041110326,-0.498696685,-0.117139004,-0.057326674,-0.022002334,0.294237643,0.007078668,-0.364399999,0.126110002,0.527763307,0.007543668,-0.132510006,-0.362214655,-0.233150005,-0.395699978,0.0610133,-0.062460005,0.030363331,-0.44565931,-0.093793333,-1.648033261,-0.643593311,-0.192847326,-0.310858339,-0.101406656,2.242566586,-0.473073155,-0.664893329,0.290123343,-0.119943343,-0.187519982,0.217916653,0.378843337,-0.353646666,-0.450693339,0.589574993,0.054683346,-0.100793324,-0.346456647,0.339036673,-0.206517681,-0.489596635,-0.264399976,0.070499338,-0.736153364
SCOUT,EpisodeVI,0.312680006,-0.181535006,-0.023590006,-0.455015004,0.067220002,-0.208441496,-0.538855016,-0.046594992,0.031114995,0.126383007,-0.454795003,0.142773494,-0.565930009,0.190485001,0.420230001,0.357704997,0.329755008,-0.116925001,0.038255002,-0.804305017,0.115565002,0.400375009,0.070721254,0.321074992,0.249115005,-1.873450041,-0.347479969,0.542400002,0.989860058,-0.94075501,2.97874999,0.647265017,-0.5135445,-0.382375002,-0.260861516,0.085297495,0.007294998,-0.148829997,-0.336890012,-0.30616501,-0.243515015,0.115288496,0.165228844,0.127514988,0.523859978,-0.023995005,0.067595005,-0.038911998,0.079592004,0.175524995
STORMTROOPER,EpisodeVI,0.228293664,-0.055838335,0.310460565,-0.421504998,0.20044942,-0.255591913,-0.259459501,0.388952831,-0.205680341,0.008194278,-0.256889664,0.14283473,-0.361881676,0.261659622,0.465150263,0.701396658,0.443181008,-0.508295015,0.212920352,-0.417116163,0.386722859,-0.03786017,0.051618962,-0.065251946,-0.11385739,-1.57080998,0.366689419,0.220393998,0.670922344,-0.267813546,3.011003375,0.404423686,-0.731408293,0.206068398,-0.206729013,-0.156809649,0.122492834,-0.152925959,0.019640663,-0.455121001,-0.339168407,-0.068627496,0.083672315,0.084315668,0.130285438,0.014086672,-0.099059142,0.159542513,-0.169495568,0.043105181
THREEPIO,EpisodeVI,0.185334843,0.268965611,0.057863324,-0.290653396,0.33912083,-0.249224701,-0.130579703,0.209077632,-0.229120238,0.222438117,-0.139933991,0.403161769,-0.254580532,0.095912691,0.323080141,0.305930927,0.142742987,-0.043183273,0.021568589,-0.102630996,-0.226357431,0.3212749,0.307501061,0.113274855,0.474865629,-1.261620639,-0.650735712,0.108819515,0.335729598,-0.465702642,1.923096381,0.362971565,-0.27192119,0.124214586,0.086938855,-0.143332155,0.189478869,-0.023687262,0.105737958,-0.167253816,-0.138856211,0.092649727,-0.039449239,0.103036822,0.103476786,0.087458937,-0.05550738,-0.149537309,0.037910215,0.232787
VADER,EpisodeVI,0.343943332,0.153315575,-0.064851531,-0.26683321,0.458044151,-0.057293092,-0.11511016,0.209880897,-0.262491714,-0.027423012,0.026452475,0.430407077,-0.272852868,-0.071298055,0.279991538,0.282403578,0.094241361,-0.00346244,-0.078852376,-0.196322648,-0.09156122,0.242422248,0.027126942,-0.101736026,0.399220151,-1.366570162,-0.430049406,-0.218008559,0.290237056,-0.152132487,2.266038559,0.182675704,-0.468159492,-0.20072415,0.075869922,-0.000151017,0.033754555,0.022026895,-0.151075318,-0.253399304,-0.106137472,-0.04825059,-0.019230913,0.115627429,0.0199613,0.027882982,0.02918476,-0.09395973,-0.190868483,0.082742908
WEDGE,EpisodeVI,0.040661701,0.2100615,0.234967626,0.048540984,0.50839726,-0.02977357,-0.543629324,0.134293088,-0.188183857,-0.220463572,-0.030983758,-0.048019246,-0.525581509,0.249172647,0.175071785,0.060486651,0.193695999,-0.23318071,-0.450634289,-0.469575962,-0.190104879,0.081620253,0.096915651,-0.12662646,-0.049356347,-1.552370763,-0.157943914,0.060981713,0.196382212,-0.236777563,2.867523646,0.242044243,-0.461963354,0.07024007,0.103083323,0.033231515,0.096994865,0.134949884,-0.117128184,-0.236321418,-0.07767612,0.088088136,-0.034875806,-0.058949327,0.285093908,-0.051609404,-0.196169311,-0.181077518,0.040859448,-0.266807409
YODA,EpisodeVI,0.272607002,0.11869488,0.00418572,-0.247753549,0.517625565,0.011727175,-0.27485763,0.290088821,-0.203838987,-0.088873598,0.006155319,0.250851632,-0.377525559,-0.007128775,0.485032727,0.253633176,0.060318659,-0.055928768,-0.042151064,-0.27113644,-0.277970062,0.416323756,0.085277927,-0.046921019,0.396694671,-1.421702848,-0.395548686,-0.003359863,0.362550346,-0.083628556,2.421389974,0.357409221,-0.229729376,-0.229805764,0.004457617,0.012073368,0.068814385,-0.0157382,0.060699088,-0.260401959,-0.27791989,0.116768129,0.006303758,0.070480687,0.129231948,0.051437116,-0.197751034,-0.00873611,-0.040349568,0.20408613
ANNOUNCER,EpisodeV,0.485595246,-0.065689302,0.236101747,-0.142570833,0.347602844,-0.554828785,-0.536930616,0.183055116,0.082744916,-1.03317673,0.258387839,-0.215277091,-0.291614311,8.93E-05,-0.263147401,-0.083028446,-0.173158859,0.163238779,-0.698371331,-0.039726422,0.297936087,-0.012413179,-0.094675783,-0.243876172,-0.377359231,-1.439643621,0.088439125,-0.131157503,0.046564713,0.099052534,2.867382129,0.051784073,-0.331168001,-0.401862526,0.121513804,0.323969891,0.135857398,0.09378715,-0.082927053,0.369921843,-0.000350125,-0.032794621,0.285831297,-0.387612959,-0.131213623,-0.095720716,-0.266682242,-0.057772835,-0.167184045,-0.075612575
BEN,EpisodeV,0.190284251,0.142509069,-0.045339496,-0.307521864,0.501036286,-0.153714603,-0.131766683,0.214669856,-0.340011826,0.065248839,0.039706219,0.422680456,-0.305987325,-0.084444815,0.470409216,0.367308924,0.134654466,-0.03464821,0.009558552,-0.416825944,-0.278045913,0.414778071,0.137318549,0.066024991,0.498393395,-1.378746642,-0.44042895,-0.251453128,0.385400204,-0.377343245,2.366271147,0.580764015,-0.459231432,-0.312252409,0.081413278,0.033046257,-0.033511279,-0.006977063,-0.010714346,-0.300516551,-0.157222839,0.081791639,-0.003417705,0.223682745,0.195955138,0.121730409,0.148807245,-0.128563195,-0.291746235,0.178368655
CAPTAIN,EpisodeV,-0.082577504,0.222082511,-0.197392493,-0.171352506,0.562855005,-0.222012505,-0.901959956,0.137713253,0.192165762,0.139802486,-0.179527506,0.167015001,-0.416897506,0.26587373,0.653232574,-0.125066996,0.277464986,-0.275160015,-1.018544078,-0.327065021,-0.056678504,0.258487254,0.317990333,-0.040924251,0.583000958,-1.52837491,-0.174065009,-0.097566761,0.428387493,-0.240235239,3.269549847,0.548427463,-0.271371007,0.286611736,0.32238999,-0.046812251,0.23358199,0.458399773,-0.013521493,-0.26152572,-0.373359978,0.212604553,-0.22301726,0.134612501,-0.009248994,0.198377997,0.115612745,-0.158535004,0.213715255,0.180220753
CONTROLLER,EpisodeV,0.412142724,0.209181651,0.092297132,-0.111276833,-0.00919468,-0.259094884,-0.551394413,0.136599048,-0.051697945,-0.706174622,0.061837435,0.192838818,-0.098714918,-0.114074349,-0.417893971,0.023379244,0.173518921,0.161950829,-0.683975637,-0.254995925,0.188477154,-0.171122837,-0.142457756,-0.118321791,-0.008684161,-1.013546844,-0.033981836,-0.177333946,0.145534818,0.238665556,2.265860677,0.035587551,-0.086707811,0.052725918,0.373143077,-0.093221183,-0.228000661,-0.184328542,-0.430644085,0.045075021,-0.191095521,-0.166740385,0.344995086,-0.302717566,0.070649346,-0.113575002,-0.187544255,-0.300937617,-0.110715068,-0.165114631
CREATURE,EpisodeV,0.290714634,0.09406424,0.225973222,-0.158697991,0.31375401,-0.220026305,-0.148648153,0.268364649,0.022037742,0.11295494,-0.019108655,0.290564707,-0.028185334,0.098980037,0.334816413,0.347696924,0.367354648,0.336446688,-0.079755311,-0.201279497,-0.08045093,0.279079646,0.238936141,-0.060924313,0.369493013,-1.155517365,-0.584640463,0.03957591,0.584361636,-0.295330001,1.898802215,0.173562143,-0.403742444,0.117263642,0.097822547,0.060310898,-0.023374892,-0.107849303,0.414099668,-0.184503637,-0.28449231,-0.052401888,0.179281143,0.03106016,0.279545983,0.050687248,-0.090726474,-0.166986892,0.029062687,0.072377791
DACK,EpisodeV,0.226203503,-0.070113726,-0.055812553,-0.261285068,0.568583419,0.134073061,-0.197028216,0.090615498,-0.249691905,-0.244877772,0.092482068,0.372619189,-0.50581678,0.015715337,0.03642251,0.247137444,0.226254925,-0.178913599,-0.361984482,-0.37196859,-0.264819641,0.158183358,-0.176817421,0.004381917,0.363112472,-1.224799618,-0.18545283,-0.05912319,0.401786201,-0.06129374,2.561948657,0.13062438,-0.122975157,-0.20239526,-0.04255116,0.013200728,0.183862574,0.026909065,0.125653005,-0.143797558,0.136095676,0.141232837,-0.19414473,0.202407343,-0.192827654,0.272341494,0.094044425,-0.258079387,-0.09848898,0.227517538
DERLIN,EpisodeV,0.224464968,0.099082644,0.253885801,-0.12484703,0.445096428,-0.404622088,-0.299569145,0.254085613,-0.319031566,-0.229654675,-0.149054166,-0.085068772,-0.337105816,0.358574549,0.352562075,0.65956227,-0.040495743,-0.02561379,-0.062894082,-0.595472028,0.40155753,0.395181313,0.047307507,0.235247036,0.19757641,-1.096124252,-0.026140382,0.413847019,0.411775321,-0.483679454,2.507990281,0.400924041,-0.226046556,-0.178159595,-0.086838651,-0.084029824,0.476019522,-0.025023917,-0.062281517,-0.210310735,-0.068610592,-0.210862805,0.086073627,0.282744735,-0.16226762,0.221412733,-0.20541813,-0.374629031,0.035667207,-0.069110425
EMPEROR,EpisodeV,0.375963608,-0.013032316,0.179085226,-0.188143961,0.483632578,-0.182705225,-0.046800425,0.068972953,-0.131511083,-0.108300279,0.00523676,0.436410871,-0.192262527,-0.05216615,-0.104702702,0.257890838,0.374851614,0.040272474,-0.445721158,0.024348144,-0.263804415,0.217733274,-0.133167553,-0.243958208,0.251307622,-1.352667189,-0.380610323,-0.362998274,0.540280986,-0.0264072,2.351939154,0.112379092,-0.318217339,-0.301463515,0.059009817,0.070966625,-0.139824706,-0.469326626,-0.206330606,-0.32609278,-0.107327101,0.067031625,0.170922505,-0.195713001,0.064840523,0.20220576,0.040395159,-0.158505934,-0.36049169,0.316700229
HAN,EpisodeV,0.137655973,0.046624863,0.118873058,-0.238531134,0.327402651,-0.164603031,-0.303148873,0.253619658,-0.19429377,0.120173879,-0.135220088,0.274082829,-0.282998789,0.097901782,0.394219901,0.270570698,0.266262014,0.011990941,-0.058519909,-0.430614608,-0.197684318,0.256113841,0.190337831,0.103398873,0.490466873,-1.256329847,-0.436429708,0.158302319,0.553449102,-0.494542972,2.261700179,0.403191506,-0.253403139,-0.019527773,-0.070597187,-0.032066115,0.062790232,0.004601013,0.155955843,-0.254411991,-0.165689029,0.034984498,-0.051230776,0.211268291,0.108964905,0.045143064,0.009473478,-0.109402759,-0.018352627,0.229585275
HOBBIE,EpisodeV,0.619560003,0.08146251,0.494643718,0.117530003,0.407777518,-0.042008005,-0.549104989,0.218680501,-0.190469995,-0.347372472,0.303900003,0.164389983,-0.575128019,0.668579996,-0.331355035,-0.584962487,-0.200046003,0.398560017,-1.387112498,0.098573245,-0.512417257,0.316232502,0.331749976,-0.047520757,-0.393874943,-1.25184989,0.043114997,-0.391290009,0.102337509,-0.263706863,2.35066247,0.281889975,-0.122000754,0.235054001,0.758012474,0.453767508,0.079405494,-0.340662479,-0.893655062,-0.146532506,0.030506512,0.087530524,0.322202504,-0.49584499,0.25353086,-0.154596493,-0.229211211,-0.361098766,-0.552542448,-0.189797521
JANSON,EpisodeV,0.418154996,0.138712706,0.490450677,0.098522495,0.336924158,0.018471584,-0.578863144,0.081618587,-0.128020334,-0.264056322,-0.109227754,-0.059667498,-0.279734574,0.413643584,0.279718764,0.254103184,-0.082010794,0.167660406,-0.443946878,-0.466521632,0.289226003,0.196440794,0.184611458,0.418402962,0.197934749,-1.270410821,-0.342419166,0.175866338,0.579423344,-0.347056672,3.043145776,0.389352011,0.074732631,-0.023721748,-0.10124661,0.048761997,0.04456904,0.035631835,-0.096999458,-0.16033951,0.026761666,0.128811959,0.005004421,0.314583324,-0.430302331,0.07827696,-0.065287087,-0.385199245,-0.171481954,0.109705569
LANDO,EpisodeV,0.310757951,-0.071523838,0.056951615,-0.179737541,0.340404857,-0.109675719,-0.280902261,0.216366115,-0.082136762,0.019887628,-0.027454057,0.30316227,-0.217973463,0.109896421,0.288130669,0.243911859,0.17379648,-0.047632959,-0.059257708,-0.289771048,-0.177871277,0.185092246,0.000395872,0.063190877,0.344261982,-1.193685005,-0.319791239,0.014764951,0.476927768,-0.350975636,2.123016691,0.314284958,-0.299139498,0.024911799,0.033791651,0.064712309,0.046134373,-0.047535873,-0.091554386,-0.248656749,-0.127050009,0.089302083,-0.011273213,0.095582927,0.054483935,-0.03211726,0.00572227,-0.165753024,-0.079653619,0.162768909
LEIA,EpisodeV,0.232424522,0.016024712,0.114709609,-0.158173392,0.2795705,-0.12979936,-0.309349454,0.278228438,-0.202047647,0.056058627,-0.050400674,0.267069979,-0.233313975,0.091845195,0.304803837,0.206811071,0.280838911,-0.008421675,-0.068155159,-0.288764077,-0.198024107,0.205891454,0.131819776,0.044159489,0.514362876,-1.194018944,-0.362475487,0.033951156,0.476441367,-0.443127156,2.20976324,0.354177352,-0.196138651,-0.062263701,-0.122905038,-0.013616389,-0.001528003,-0.003570253,0.061142932,-0.171637241,-0.227760824,-0.031276813,0.048336982,0.130463626,0.129929975,-0.038089632,-0.065151297,-0.151207814,-0.046190911,0.144299711
LIEUTENANT,EpisodeV,0.162274987,0.257011911,-0.16161301,-0.335175801,0.358896665,-0.070499837,-0.549485773,0.200360745,-0.383974164,-0.427174464,-0.158595927,0.878525019,-0.266974345,-0.265874159,0.1411625,0.182110831,0.37567601,-0.33864212,-0.485905215,-0.267134244,0.067208169,0.519266635,-0.036499172,-0.061197998,0.609514177,-0.936199069,-0.345750825,-0.471099183,0.132745922,0.141686484,1.705522418,-0.079968069,-0.227511662,0.045239996,0.444203272,-0.125221834,0.321492493,-0.245404575,-0.236817991,-0.184356673,0.253696838,0.412908539,-0.175952483,-0.335429758,0.003539499,0.094620734,-0.167816699,-0.529974669,-0.127459079,0.487835839
LUKE,EpisodeV,0.157984163,0.076916222,0.124929096,-0.261888359,0.316947792,-0.149014785,-0.286915728,0.184087118,-0.253821894,0.117541525,-0.042070059,0.259284124,-0.259220821,0.149760414,0.353538476,0.348316367,0.243352493,-0.103345344,-0.03230654,-0.281956764,-0.219380462,0.285048577,0.127039996,0.098953739,0.42378625,-1.16464686,-0.386217541,0.084343558,0.41640509,-0.426312182,2.167024473,0.347173463,-0.243133131,-0.022367996,0.012709041,0.014511682,0.098103912,-0.073186191,0.082045973,-0.218921356,-0.166248859,0.123869244,-0.075429014,0.117374171,0.121962442,-0.049286986,0.097815606,-0.13941803,-0.091118114,0.192212357
NEEDA,EpisodeV,0.449354392,-0.145888823,0.278230804,-0.20136027,0.30197285,0.04405058,-0.275803586,0.199598739,0.047905919,-0.281845073,0.070363527,0.027165473,-0.274248713,0.02819127,0.076306394,0.283307405,-0.027635466,-0.052567559,-0.562520367,-0.310743088,0.076995704,0.108232266,0.030960133,-0.100030696,0.181674459,-1.311968684,-0.125471866,0.078454609,0.458859569,-0.161420844,2.448446298,0.051466012,-0.242495244,-0.304053846,0.121500344,0.194433656,0.227114156,-0.090357562,-0.162239242,-0.11069961,-0.061803323,0.04318254,0.01818134,0.00882911,0.02504337,-0.03018964,0.068792488,-0.16645901,-0.009885956,-0.158017498
OFFICER,EpisodeV,0.766865015,0.031865001,-0.301061004,-0.613274992,-0.227035016,-0.719829977,-0.660640001,0.735480011,-0.370965511,-0.395164996,-0.467840016,-0.480719984,0.011629999,-0.024664998,0.093365014,0.469039977,-0.034639992,-0.541365027,-0.302337497,-0.268222004,0.742729962,-0.019402901,-0.08030498,-0.223587498,-0.009762499,-0.886700034,0.027824998,-0.210947499,0.632150054,0.237949997,2.575700045,0.395193011,-0.981204987,-0.196467489,-0.0286669,-0.255989015,-0.383385003,0.002429999,-0.168754995,-0.158123046,-0.656669974,-0.564440012,-0.059059002,0.077797994,0.437830031,-0.242823482,0.507245004,-0.149179995,-0.466594994,0.026516501
OZZEL,EpisodeV,0.370484358,-0.105148779,0.037875371,-0.122103679,0.372615165,-0.075236304,-0.343905196,0.284782264,-0.157047829,-0.169383322,-0.068944606,0.384323546,-0.323410603,-0.00042297,0.257376188,0.044455661,0.374355629,-0.176020038,-0.553294772,-0.244551359,-0.129873224,0.134900168,0.132598609,0.074529502,0.199653167,-1.109515238,-0.251466085,-0.151728612,0.325400116,-0.195604313,1.986556458,0.097883698,-0.304392099,-0.122565178,0.100815706,0.025150429,0.039391665,-0.227366824,-0.156255236,-0.233887267,-0.013888979,0.034777088,0.117037631,0.074873459,-0.07163447,0.089046687,-0.109259184,-0.118776512,0.012438325,-0.092198662
PIETT,EpisodeV,0.337897998,-0.063273255,-0.074335499,-0.321139854,0.809515397,-0.212233049,-0.023581297,0.119678804,-0.110149822,-0.278392944,-0.152585646,0.695765687,-0.174298115,-0.262943464,0.086770812,0.153342886,0.22290156,-0.128061264,-0.473750528,-0.274574458,-0.035960458,0.127995561,0.17455233,-0.024414131,0.389625217,-1.184514802,-0.465167241,-0.221415157,0.106883874,-0.116031082,1.773538739,0.04239187,-0.356130212,-0.12540412,0.20003487,-0.042717031,0.201170368,-0.323163226,-0.24472771,-0.333176038,0.128202417,0.235681051,-0.345843301,-0.086416013,-0.069840912,0.225990522,-0.113853482,-0.476344587,0.11409988,0.069807553
PILOT,EpisodeV,-0.503069997,-0.342750013,0.749880016,-0.124540001,0.852400005,-0.462949991,0.457340002,-1.055600047,-1.182700038,-0.14756,-0.305799991,0.95818001,0.660619974,0.488380015,-0.647119999,-0.418650001,-0.059413001,-1.057600021,-1.266899943,-0.261750013,0.064406,-2.731800079,0.430449992,0.309309989,0.176259995,0.159240007,-0.132699996,-0.15196,0.808229983,-0.010104,1.092399955,-0.321449995,0.303290009,0.115719996,0.686749995,-0.234569997,-0.159710005,-0.242200002,-1.058799982,0.893949986,0.403539985,0.042328,-0.427219987,1.729699969,-2.108999968,-0.038717002,1.703400016,1.170400023,0.866699994,-0.580579996
PILOTS,EpisodeV,-0.060020007,-0.435120016,-0.082598999,-0.403200001,0.613359988,-0.068405002,-0.110089995,0.30311501,-0.201130003,-0.0097425,0.270029992,0.436075002,-0.737399995,0.348749012,0.364259988,0.639204979,0.353709996,-0.139040023,0.231363997,-0.350699991,-0.852580011,0.424899995,0.172295004,0.263370991,0.720554948,-1.401080012,-0.210749984,0.62409997,0.638864994,-0.930220008,2.237030029,0.695119977,-0.391324997,0.583319962,-0.431039989,-0.434560478,0.60610503,0.168085009,0.322764993,-0.144014999,-0.043389998,-0.086144999,-0.180329993,0.562505007,-0.555894971,-0.058850449,-0.093113497,0.087159999,0.189187005,0.539526522
RIEEKAN,EpisodeV,0.350772406,0.103163627,0.127973277,-0.120544543,0.131627239,-0.304374339,-0.485353119,0.312765377,0.103907591,-0.095860124,-0.018838295,-0.044472342,-0.088997093,0.244896362,0.181053417,-0.0380008,0.100131721,-0.03507583,-0.494173343,-0.276042784,0.077452637,0.159581146,-0.015826277,0.035524552,0.279435987,-0.991010268,-0.138369479,-0.029467052,0.421395408,-0.231118537,2.453579187,0.256298224,-0.211960158,-0.184070652,0.097665222,0.12072684,0.281517785,-0.147410183,-0.298788441,-0.041066376,-0.159127586,-0.077878879,0.101163278,-0.161687593,-0.017434993,-0.067738233,0.016180194,-0.052686234,-0.163332457,0.178041848
THREEPIO,EpisodeV,0.233602453,0.173584979,0.095989706,-0.280216427,0.298249547,-0.167761141,-0.177054428,0.213192816,-0.251001433,0.103582437,-0.13739733,0.425475718,-0.24454625,0.060164032,0.336634839,0.325281228,0.210156195,-0.049397015,-0.05977056,-0.270574604,-0.156798704,0.243760337,0.205588603,0.086436774,0.530003673,-1.278934734,-0.519931536,0.064677648,0.443711735,-0.306495447,2.084367292,0.275104432,-0.22644832,-0.034304475,0.07624978,-0.111854647,0.155071857,-0.011120768,0.02547205,-0.210871773,-0.124343665,0.085608579,0.016303349,0.165983716,0.142256298,0.079391319,-0.045997311,-0.078685601,0.053954855,0.286836247
VADER,EpisodeV,0.370190528,0.020308739,0.092418535,-0.191863122,0.431897578,-0.041024325,-0.270657462,0.260909286,-0.175481204,-0.106592813,0.102295041,0.368364063,-0.260774889,-0.014599868,0.240126364,0.175445636,0.141379806,0.015763527,-0.254375935,-0.16503314,-0.176825291,0.229056404,0.024973375,-0.109001924,0.336871022,-1.296031253,-0.291835623,-0.191049902,0.32000872,-0.112022381,2.161438225,0.129291968,-0.354045028,-0.1987959,0.084664971,0.061360975,0.03873197,-0.054918683,-0.122358227,-0.213203919,-0.115398528,0.023201481,0.055538014,-0.068815639,0.030048,0.059751668,-0.123472814,-0.134272618,-0.16203915,0.05904886
VEERS,EpisodeV,0.385815723,-0.025485529,0.442954257,-0.122729718,0.391183583,-0.093392642,0.026512773,0.244378753,-0.059811866,0.01920157,0.008419829,0.053564236,-0.172163055,-0.112356837,-0.014937001,0.250628117,0.240814803,0.127752288,-0.510489888,-0.539481142,0.035605389,-0.027570654,0.028286605,-0.133554939,0.252193332,-1.152732193,-0.123486043,-0.030738696,0.428281346,0.126166704,2.338825226,0.254769783,-0.26770185,-0.26643686,0.15513507,-0.020646232,0.149894418,-0.063761516,-0.10759024,-0.117073271,-0.017827337,0.117875934,-0.19860233,0.029392284,-0.189188658,0.16086404,-0.115285107,-0.151036753,-0.016815545,0.010277088
WEDGE,EpisodeV,0.181990525,-0.082055608,0.442207333,-0.157341259,0.302179081,-0.017454366,-0.396199559,0.127484055,-0.133534343,0.122250077,0.024521643,0.139845009,-0.41467996,0.356296043,0.056284243,0.070811411,0.137639004,-0.042856382,-0.282750523,-0.164155314,-0.187871667,0.142862979,0.106679293,0.027598764,0.239437072,-1.22850541,-0.087081602,-0.029437274,0.290874921,-0.448859777,2.00483375,0.198324929,-0.452134338,0.107314857,0.049101431,0.105538212,0.145411299,0.141079149,0.057196497,-0.048851186,0.083060354,0.213505254,-0.220607566,0.027760057,-0.055566077,-0.054933808,0.064705621,-0.174728503,-0.055393012,-0.021829128
YODA,EpisodeV,0.29004709,0.080655192,0.108091999,-0.241829835,0.337353231,-0.123669233,-0.131001398,0.159868243,-0.179303676,0.058933422,-0.039459102,0.294971676,-0.340267167,0.100858806,0.352306097,0.400632048,0.311297805,-0.077480799,0.005782703,-0.433414724,-0.130423348,0.210175167,0.16361809,0.031951272,0.269159983,-1.384864178,-0.36640615,-0.128255283,0.43554232,-0.246378703,2.583103854,0.431715825,-0.538573883,-0.274416957,0.010661577,-0.038148063,0.030788178,0.026372751,-0.026984433,-0.311375046,-0.226548476,-0.032974074,0.132924179,0.166085402,0.123005719,0.154988199,0.000301049,0.007859365,-0.100272262,0.219742231
ZEV,EpisodeV,0.251522412,0.082956026,0.191029387,-0.15642288,0.280828055,-0.16353288,-0.263051075,0.252829577,-0.362695637,0.036529592,-0.12933272,-0.186733782,-0.481802558,0.084148843,0.298295747,-0.044221473,0.164129305,-0.045119585,-0.328535366,-0.193576577,-0.162353652,0.250618782,0.370226291,0.031880146,0.037076068,-1.251666228,-0.412568825,0.03116324,0.105649818,-0.115604671,2.696947316,-0.038392374,-0.246331623,-0.036115161,0.101091313,0.04256711,0.073473942,-0.02144317,0.070291795,-0.071712919,-0.23497329,0.161509905,-0.104113425,-0.06732144,0.017551004,-0.030238391,-0.084712282,-0.230296557,-0.204733076,-0.206107813
BARTENDER,EpisodeIV,0.041444177,-0.333189825,0.103415484,-0.201800004,0.057227492,-0.582245001,0.051430821,0.05698666,-0.258356333,0.289644162,0.011487504,0.2209135,0.137394756,0.35931623,-0.034265925,0.065186652,0.058674837,0.366356471,-0.05140533,-0.198012074,-0.115429156,-0.021254167,0.123002825,0.287326731,0.04471416,-0.898232987,-0.346792668,-0.015137501,0.48823261,-0.649204999,1.720998406,0.217165828,-0.440513661,-0.247645001,-0.146522,0.434877497,-0.04106833,-0.215086112,0.122278548,-0.227676173,0.059888077,-0.015222002,-0.204518902,0.471888343,0.255574591,-0.052506837,0.415046655,-0.161659668,-0.142612919,0.090479175
BEN,EpisodeIV,0.335881315,0.036977172,0.109359265,-0.250957624,0.432100061,-0.074764856,-0.308986554,0.119289998,-0.142342858,-0.027935744,-0.005045869,0.294561853,-0.235559796,0.094028414,0.260289982,0.246034146,0.184473552,0.007763147,-0.248426946,-0.338174365,-0.131222978,0.222796539,0.026596662,0.057339519,0.307154994,-1.317738093,-0.363395041,-0.082775794,0.45067043,-0.241512751,2.396722267,0.272251709,-0.266495263,-0.181484929,0.060198922,0.035176056,-0.03404432,-0.035306802,-0.080981255,-0.271289787,-0.115347964,0.036975538,0.112212639,0.17111816,0.049509373,0.068104786,0.014448111,-0.169998042,-0.134819966,0.132080818
BERU,EpisodeIV,-0.25525263,-0.065144621,-0.212623745,-0.328247458,0.658287466,-0.14731662,-0.418947458,0.272493511,-0.23855336,0.106472,-0.014700001,0.508303583,-0.163016513,-0.019243881,0.435961485,0.017679982,0.188060015,-0.027699566,-0.000875996,-0.131854981,-0.419807464,0.704627514,0.077896245,0.523555458,0.729566216,-1.116003275,0.060230985,0.073813878,-0.036354996,-0.514151216,1.552299976,-0.1668275,0.035991624,-0.132747501,0.146170616,0.049657878,0.199081391,0.021507248,0.16854687,-0.357258767,0.40196979,0.499719232,-0.127398103,0.113311261,-0.094436258,0.133683756,0.267172754,0.065257497,-0.102082506,0.468282491
BIGGS,EpisodeIV,0.129058533,0.13819693,0.134061268,-0.293912561,0.452329735,-0.062365865,-0.535749575,0.230522507,-0.213305545,-0.129074652,-0.149164068,0.157937657,-0.391873158,0.190976528,0.344679318,0.297356925,0.249801218,-0.247283212,-0.341089891,-0.362879549,-0.213144564,0.270586777,0.101158094,0.07330378,0.37399307,-1.319105534,-0.179091604,0.098619307,0.435567149,-0.404593479,2.536874759,0.361019688,-0.250496275,-0.033559053,0.082587727,-0.009930891,0.076682861,0.013999245,0.11297082,-0.317214921,-0.196737575,0.11450969,-0.063929622,0.089160138,0.064511714,0.082630904,0.167757728,-0.216999333,-0.102982514,0.12130938
CAMIE,EpisodeIV,0.137757998,-0.286687493,0.322760008,-0.318382513,0.174179002,-0.015987486,-0.357137501,0.477102488,-0.156600248,0.313863501,-0.372405,-0.401469991,-0.348359991,-0.039902499,0.633687481,0.066379994,0.109434009,-0.076700509,-0.262720004,-0.242443517,-0.2383825,0.177457004,-0.247592997,0.234026998,0.309575006,-1.633032501,-0.353764988,0.020324245,0.668822497,-0.111094004,2.048787534,0.545180008,-0.050624996,-0.322902512,-0.191342503,0.015327498,-0.257334992,-0.542972744,0.296855003,-0.115745001,-0.682265013,0.208922505,-0.0263675,0.370461445,0.910147488,0.151254997,-0.030579753,0.278464518,0.065684997,-0.099618256
CAPTAIN,EpisodeIV,0.454308033,0.292944014,-0.157316014,-0.30327338,0.412079573,0.218317986,0.023047403,0.059698008,-0.07210099,-0.111389995,-0.016646009,0.111506,-0.058669794,0.08013761,0.187784001,0.327799201,0.245963007,-0.067634001,-0.007226193,-0.477126032,0.163167208,0.19333601,0.136328012,0.004932994,0.032165997,-1.429209948,-0.241673976,-0.080470003,0.425063998,-0.100633204,3.289000034,0.025829792,-0.744953454,-0.525913835,-0.060625799,0.166305989,0.144869879,-0.241003796,0.016424006,-0.048775192,-0.211094022,-0.233586594,0.161471009,0.295792013,0.089995205,0.119706795,-0.101814009,-0.136917993,-0.023237195,-0.261458009
CHIEF,EpisodeIV,0.074346593,-0.116143614,0.052746752,-0.090674456,0.413517594,-0.167613109,-0.288181804,0.180993535,-0.14462308,0.233160291,-0.1030888,0.209571943,-0.398499608,0.093756121,0.40632949,0.37541759,0.270250008,0.063944852,-0.125199899,-0.474556208,-0.240802616,0.225224376,0.034223786,0.370304756,0.535210457,-1.483779073,-0.488596871,0.27965004,0.714703947,-0.524215668,2.623259902,0.389920861,-0.187665223,0.128311232,0.028822667,-0.195590705,0.101495929,0.265944079,0.141823336,-0.583309889,0.042532804,0.028582075,0.055927217,0.192991424,-0.038393661,0.253451668,0.163790625,-0.082478849,0.20957405,0.554144502
COMMANDER,EpisodeIV,0.077151669,0.085689329,0.037290826,-0.279506788,0.535001248,0.128948972,-0.180051255,0.232447495,-0.437766746,0.125201672,-0.381983509,0.604160935,-0.202488338,-0.343371838,0.58794408,0.312585473,0.413863755,-0.144322318,-0.115264167,-0.633712083,-0.012873589,0.298728529,0.231246889,-0.109938409,0.642479201,-1.550782522,-0.597831368,-0.055155024,0.618290444,-0.179195416,2.187369108,0.13184042,-0.502231042,-0.248360415,-0.042641804,-0.265500382,0.132470826,-0.100473839,-0.048603414,-0.357617497,0.059837922,0.240917978,-0.165135408,0.170506825,0.009751084,0.134628132,-0.357056806,0.023432826,0.078742746,0.440507094
DEAK,EpisodeIV,-0.15997,0.379229993,-0.036834002,-0.330619991,0.276030004,-0.441379994,0.053978998,0.521080017,-0.568350017,0.182929993,-0.53779,0.492020011,-0.478630006,-0.066248,1.23269999,0.374659985,0.303579986,-0.321669996,0.313670009,-0.483850002,-0.487410009,0.33397001,0.26128,0.413500011,0.877460003,-1.317000031,-1.237400055,-0.23003,1.394999981,-0.754800022,1.628200054,1.327700019,-0.624920011,0.098366998,-0.603720009,0.186299995,-0.090388998,0.103950001,0.246189997,-0.475820005,-0.016838999,0.019605,0.41396001,0.254970014,0.42750001,0.822910011,0.038667999,-0.296629995,-0.137700006,0.368120015
DODONNA,EpisodeIV,0.484967572,-0.018468847,0.297567789,-0.030095256,0.239967707,0.081304709,-0.19870528,0.079826569,0.052592074,-0.169504208,0.165915425,-0.045474013,-0.205987201,0.185788659,-0.193877816,0.118868186,0.079298926,0.049240494,-0.633799732,-0.371723787,0.04111221,-0.097394194,-0.079179759,-0.180833434,-0.033051965,-1.31908978,-0.091632882,0.06255749,0.425022058,-0.027208544,2.69194452,0.053366165,-0.220036769,-0.142207659,0.168854351,0.083233465,0.10347361,0.000509367,-0.235126629,-0.028742944,0.038562943,0.02437432,0.202351343,-0.085806695,0.062005897,-0.064684715,0.005323145,-0.032669496,-0.095206201,-0.046097038
FIXER,EpisodeIV,0.213734806,-0.008687645,0.196088035,-0.235237584,0.273786962,0.013943654,-0.159072876,0.285730142,-0.216746673,0.270428903,-0.129719965,-0.017081991,-0.174224146,0.268814716,0.351477399,0.140872121,0.170313393,0.082864419,-0.380491562,-0.54012014,-0.155650385,0.400674397,0.017067586,0.111825611,0.514356583,-1.446747065,-0.496272594,0.178361035,0.468554497,-0.321359769,2.516542673,0.077796482,-0.097111966,-0.409652583,-0.107669372,0.037140341,0.204108223,-0.518460713,0.152735047,-0.046955824,-0.253446341,0.292165015,-0.143024802,0.165507585,0.366053608,0.156899534,-0.05614455,-0.190403156,-0.092606321,0.013025345
GREEDO,EpisodeIV,0.39084582,0.105320051,0.121947847,-0.206346713,0.371659604,-0.074049141,-0.601536284,0.228622245,-0.097172022,0.041599925,0.031423335,0.205306653,-0.253076874,0.14941745,0.508312891,0.157886021,0.146064363,-0.11845475,-0.441100168,-0.354992534,0.015441025,0.11509545,0.086301893,0.029551061,0.282599386,-1.433566312,-0.29084399,0.041032586,0.474748015,-0.420086809,2.600227118,0.214875934,-0.311348123,-0.031949058,0.171659881,-0.042618103,0.043056991,0.053564622,-0.002978239,-0.258403372,-0.200946058,0.003758071,0.178863485,0.030204719,0.056696188,-0.117762049,0.075163561,-0.127286112,-0.025188039,0.008191692
HAN,EpisodeIV,0.216155329,0.072926185,0.147285518,-0.206594061,0.342618923,-0.101071511,-0.393028794,0.170970557,-0.122762841,0.111723509,-0.149166239,0.205178251,-0.273146026,0.134076991,0.394882695,0.212737687,0.211723105,0.050677943,-0.149269197,-0.3917941,-0.126815743,0.281099304,0.145364174,0.11222953,0.414476666,-1.274135014,-0.414958839,0.118202365,0.536452951,-0.41742536,2.325063497,0.392967646,-0.24121417,0.006533491,0.037986875,-0.000668269,0.01071557,0.035049227,0.065875956,-0.296392228,-0.183731981,0.026783554,0.023025105,0.178557849,0.116034013,0.007655612,0.012917048,-0.150600875,0.008100903,0.179744165
HUMAN,EpisodeIV,0.479933033,0.068763634,0.451794128,-0.314481368,0.71699815,0.409227779,-0.204658513,0.347904084,-0.161849191,-0.212572677,-0.022134446,-0.206491468,0.007186922,0.048497441,0.711885174,-0.025896663,-0.061729039,0.029481373,-0.452377406,-0.166435152,-0.322816951,0.389796595,0.524142067,0.250580073,0.230899859,-1.527258515,-0.41818005,-0.174387176,0.35169814,-0.271715005,2.822088877,-0.119229444,-0.294532215,-0.233510887,0.23120518,0.246847037,0.483956824,-0.394754092,-0.075305179,-0.063709115,-0.230645408,0.087445925,0.324741364,0.105234077,0.274710377,-0.009758995,-0.449618906,-0.306915194,-0.017138795,-0.329300776
JABBA,EpisodeIV,0.20826266,0.128157524,0.189670622,-0.027352177,0.181416536,-0.179448259,-0.543824504,0.188506389,-0.044881345,0.169565111,0.037319961,0.050402703,-0.086925696,0.093285741,0.515968035,0.101697908,0.083484937,-0.163024064,-0.214336668,-0.354567255,0.137551418,0.053508621,0.142068648,-0.107225765,0.285516671,-1.088959376,-0.205799503,-0.132616803,0.178910304,-0.176418399,2.594353775,0.285232126,-0.083135925,0.110679048,0.128427956,-0.155407538,0.036066571,0.070650438,-0.064088289,-0.133822468,-0.309150225,0.098342576,0.162030029,-0.146587442,0.100904397,-0.140025218,-0.085979442,0.044462896,-0.17081617,0.080295201
LEIA,EpisodeIV,0.20908574,-0.027414197,0.20017119,-0.242693642,0.40729805,-0.085209701,-0.326110074,0.233031126,-0.10396168,-0.014680084,-0.16155696,0.283361267,-0.394427035,0.059785127,0.372823292,0.30763726,0.278861062,-0.203931262,-0.130897169,-0.312329074,-0.107919648,0.335075744,0.077208101,0.040605947,0.419715153,-1.348384493,-0.309492467,-0.067077018,0.428746511,-0.352443275,2.311453372,0.373563381,-0.25128341,-0.158401675,0.105587556,0.057337001,0.002836691,-0.072310307,0.032348297,-0.335917832,-0.203448558,0.156636739,0.039728251,0.126830934,0.072074153,0.034678109,0.092553718,-0.081664651,-0.00058679,0.105289184
LUKE,EpisodeIV,0.193843759,0.051847345,0.188005907,-0.26700172,0.401603197,-0.135675177,-0.400100335,0.175378179,-0.191883691,0.062240739,-0.13639501,0.218787282,-0.382302088,0.091070097,0.454964895,0.289704282,0.243422581,-0.075667611,-0.144642108,-0.368231581,-0.184060213,0.267883057,0.205921729,0.092192729,0.390910933,-1.418088189,-0.405349238,0.133653915,0.504278564,-0.455374151,2.506340371,0.351877271,-0.262896319,-0.042687886,0.003490068,-0.022802986,0.065828236,0.037848579,0.123675464,-0.269830595,-0.204797889,0.09898746,0.003170613,0.162564717,0.096587956,0.045451895,-0.023311736,-0.169874689,-0.014722983,0.151774228
MAN,EpisodeIV,0.855095983,-0.127976745,0.557804227,-0.317185491,0.152387515,-0.338587493,-0.553574979,0.440070003,0.074312747,-0.75526756,0.171074599,-0.428017497,-0.08383926,0.279402494,-0.048682503,-0.110495985,-0.416515052,0.422881782,-0.991474986,-0.204667494,0.1619775,0.573693216,0.119300254,0.239359796,-0.034517504,-1.652060151,-0.125340328,0.051634751,0.45183751,0.083985001,2.795475006,0.311447471,-0.441907495,-0.2126555,0.241870522,0.218624026,0.394167513,-0.339080751,-0.532009959,0.419952452,0.133901,0.284890145,0.410614997,-0.106359988,-0.234172523,-0.27606225,-0.508455038,-0.055392507,-0.244127989,-0.106056243
MOTTI,EpisodeIV,0.449036554,-0.119725974,0.199007821,-0.018375453,0.081952889,-0.178004295,-0.168993962,0.176299893,0.030787669,-0.114465183,0.215115789,0.20333385,-0.137534066,0.081952309,-0.167653898,0.123958606,-0.156287401,0.202989895,-0.327027204,0.012401126,0.045741963,0.125536524,-0.127505256,-0.022177231,0.104064332,-1.15832141,-0.314939372,-0.141212654,0.38457559,-0.036352002,1.993620485,-0.195439396,-0.396940589,-0.605541475,0.117103876,0.257116567,0.106538985,-0.25685931,-0.269939424,-0.049513265,0.038285078,-0.138656457,0.03992646,0.047655545,-0.248373214,-0.003565529,0.006202275,-0.08458106,-0.056329297,-0.130805727
OFFICER,EpisodeIV,0.450037051,-0.016064811,0.294137063,-0.176646241,0.160564573,-0.073969062,-0.559435904,0.237373911,-0.028595688,-0.389947364,-0.021481691,0.206421367,-0.135413032,0.037060351,0.126975101,0.275205863,0.065416201,-0.001086905,-0.408773881,-0.541001905,0.206192368,0.210715184,0.111730932,0.008147545,0.23289449,-1.187292367,-0.142795317,0.029724973,0.270292055,-0.108876482,2.305034096,0.183378765,-0.288449107,-0.338891963,0.159479711,-0.030836972,0.342793483,-0.120473246,-0.120782335,-0.056831522,0.033575058,0.030295115,0.069794163,0.136417133,-0.102253178,0.073034674,-0.337359324,0.004747893,0.071740354,0.074280249
OWEN,EpisodeIV,0.141960693,0.069906691,0.113156134,-0.209127859,0.352355293,-0.157170067,-0.371480468,0.082346989,-0.206726165,0.053617162,-0.089878642,0.175910543,-0.322834006,0.027235885,0.486183142,0.314623857,0.184540208,0.027735495,-0.130241618,-0.337805536,-0.19952659,0.25290705,0.2109338,0.158912524,0.349851889,-1.198244646,-0.312495403,0.036603497,0.401845901,-0.472602503,2.420282025,0.414152139,-0.288879461,-0.072025959,0.068365541,-0.069485335,0.167951075,0.018967446,0.144924333,-0.264283759,-0.181273268,0.012922476,-0.040331413,0.151901291,0.085181888,0.189290273,0.075374325,-0.032140434,-0.144611688,0.337739139
PORKINS,EpisodeIV,-0.081590004,0.623049974,0.01732301,-0.002079,0.739253342,0.157039687,-0.626287639,-0.078290008,-0.17961967,-0.776179969,-0.267446667,-0.32446,-0.265063316,0.40770331,0.187917337,-0.367556334,-0.145199999,-0.109886996,-0.679919958,-0.695529997,-0.413898677,-0.035009991,0.408580035,-0.377883315,-0.475533336,-1.205713391,0.156243339,0.509956658,-0.012399991,-0.382573336,3.12740016,0.362153322,-0.175161347,0.211886659,0.111993335,0.369670004,0.213238001,-0.053836659,-0.190178335,-0.112356335,-0.409766674,-0.053816665,0.015316665,0.019050023,0.27212432,-0.102915674,-0.376483321,-0.463200659,-0.222936675,-0.715786636
TAGGE,EpisodeIV,0.541603748,-0.197261056,0.236190677,-0.133466648,0.093921501,-0.094201534,0.013371347,0.207807515,-0.065390065,-0.165408704,0.08434494,0.067308795,-0.219443963,-0.092506783,-0.07764673,0.303298198,0.080547879,-0.035648473,0.04265383,-0.272902049,0.019680254,-0.074835033,-0.07029693,-0.23536751,0.038811045,-1.413967729,-0.199254784,-0.242919743,0.326260387,0.229547191,2.739545405,0.182197671,-0.527090646,-0.416839931,-0.048333966,0.026127007,-0.121835818,0.014537078,-0.355139155,-0.232296713,-0.212137368,-0.118199035,0.102458719,0.077992229,-0.109283147,-0.073805833,-0.157833524,0.095249595,-0.161522421,-0.065252782
TARKIN,EpisodeIV,0.319969305,-0.00177907,0.203576192,-0.234346425,0.32553374,-0.013639023,-0.216087389,0.207201363,-0.196461343,0.009184485,-0.049690662,0.139360505,-0.213115649,-0.017529786,0.354464707,0.331921392,0.157234332,-0.081191595,-0.123350416,-0.29572809,-0.113388313,0.256919947,0.200549744,0.074902129,0.284746166,-1.372977436,-0.324512165,0.033160767,0.427163133,-0.255335635,2.417440014,0.281901105,-0.462600147,-0.208739171,-0.02492096,-0.131649708,0.160571242,-0.131547143,-0.12342017,-0.308440027,-0.111738293,-0.003472469,0.039620085,0.078275607,-0.070416028,0.048968643,-0.147487482,-0.026896819,-0.025259196,0.140013156
TECHNICIAN,EpisodeIV,0.178766653,-0.075089991,0.031063994,-0.676056683,0.371614665,0.158203319,-0.675419986,0.150613323,-0.107913733,-0.038570669,-0.061575338,0.173796669,-0.700103283,0.191950008,0.189689994,0.028599992,0.49684,-0.267863363,-0.085140668,-0.539043367,-0.085133336,0.377793312,0.021000007,-0.00476267,0.485803336,-1.816966653,-0.030110002,0.134596661,0.538821697,-0.738676727,3.524133444,0.471553326,-0.416713327,-0.276085228,-0.419006675,0.270626336,-0.007388999,0.466406673,0.306156665,-0.080016665,-0.062556669,0.058556665,-0.089004003,0.332929999,-0.334030986,-0.072538339,0.008483,-0.408332676,-0.10098201,-0.263195693
THREEPIO,EpisodeIV,0.26545164,0.073631636,0.073224563,-0.245596118,0.299902998,-0.119543924,-0.302150307,0.20603018,-0.184282034,-0.024688524,-0.108021659,0.385578414,-0.298339983,-0.003878841,0.385058512,0.351235647,0.184000397,-0.080258491,-0.090474956,-0.381845456,0.001515416,0.264296837,0.113074994,0.032064516,0.482418353,-1.293593415,-0.390713566,0.013140335,0.401239614,-0.243960371,2.232308988,0.270761881,-0.24335523,-0.16611554,0.070986053,-0.042516949,0.123237447,0.044332071,0.048339154,-0.231497432,-0.132459659,0.089473615,0.026692132,0.145697809,0.093604372,0.123330604,-0.051462299,-0.083131092,0.041175598,0.179078068
TROOPER,EpisodeIV,0.377751866,0.03597901,0.233644037,-0.163311212,0.292413577,-0.178050688,-0.227356948,0.192387644,0.039869158,-0.095201835,-0.092540641,0.123498819,-0.347719126,0.226960445,0.157039146,0.21505703,0.100130575,-0.167456316,-0.23561983,-0.520207522,0.025619236,0.118155138,-0.067118166,0.10767426,0.22477734,-1.41332205,-0.162506505,0.179671424,0.599857151,-0.479665869,2.530309828,0.32531031,-0.375406113,-0.139890784,-0.02458258,0.143587113,0.198644516,-0.092770494,0.002511405,-0.05057214,0.03384628,0.046130802,0.113230186,0.245427122,0.122400505,0.029767891,0.092925288,-0.170579325,0.128015926,-0.14052505
VADER,EpisodeIV,0.441405039,-0.008023239,0.247249203,-0.171430289,0.369909748,-0.073289473,-0.263453897,0.266308022,-0.06644871,-0.177217128,0.129307639,0.131853683,-0.253865523,0.086376621,0.141884517,0.215555565,0.095172846,-0.026775446,-0.213678012,-0.291488299,-0.075207457,0.176796232,0.041371896,-0.046100641,0.171220481,-1.427577033,-0.187576114,-0.120313886,0.350594826,-0.028695636,2.553566768,0.159993871,-0.511912719,-0.300070265,0.048656668,0.014479716,0.016540352,-0.133283278,-0.190982402,-0.15044526,-0.093137083,0.004137221,0.108266919,-0.031165612,0.05259429,-0.035594633,-0.113957128,0.03014895,-0.155573969,-0.02929773
VOICE,EpisodeIV,0.367039611,-0.074507603,0.492277662,0.154054376,0.335390608,-0.018483167,-0.285742044,0.233242795,-0.000444539,-0.019963458,-0.037779997,-0.214294881,-0.410262982,0.233150224,0.231893313,-0.214093811,-0.133505253,-0.307994984,-0.506382463,-0.11380592,0.139308135,0.175241582,0.264612529,-0.074350655,-0.320033605,-0.948982835,0.280491854,-0.036904347,0.255968859,-0.203131445,2.443374157,-0.123538807,-0.244930142,-0.018987313,0.492860854,0.218609059,0.252860218,-0.174237061,-0.213680488,-0.138391229,-0.061136596,-0.031854848,0.303926518,-0.165870811,-0.056178374,-0.097968251,-0.00874336,0.071225394,-0.026773403,-0.421486974
WEDGE,EpisodeIV,0.275436078,0.144209439,0.193079642,-0.158183079,0.514933058,-0.157093792,-0.474217147,0.149690282,-0.286113977,-0.244171023,-0.126715158,0.177713019,-0.498796334,0.226599681,0.277785623,0.193033513,0.086947777,-0.083077564,-0.467307135,-0.38334023,-0.211538013,0.224074368,-0.092379537,0.023856236,0.18402925,-1.284409935,-0.141697242,0.228506706,0.381168843,-0.346919102,2.557305932,0.222329753,-0.034344087,-0.073361616,0.030469265,0.136211226,0.2465252,-0.176746819,0.003464895,-0.289010842,-0.084773371,0.119659223,-0.050232875,0.057755548,0.100997172,0.182640824,-0.003623299,-0.268028561,-0.059007191,0.039798211
WILLARD,EpisodeIV,0.357554659,-0.323892493,0.339809641,-0.210664168,0.104849167,-0.135388345,-0.392743498,0.597311348,-0.002884999,0.034524316,-0.033195834,-0.091658331,-0.200175844,-0.048874993,0.543828815,0.187517345,0.055977508,-0.080075465,-0.289539985,0.009346664,-0.332037486,0.378635921,0.080752481,0.050688915,0.353057574,-1.39576,-0.410254389,-0.060300171,0.661819085,0.076647416,2.173383355,0.083598329,0.014899007,-0.377378345,-0.010987662,0.058307322,0.038165151,-0.44800666,0.074973335,-0.17135343,-0.662538722,0.097047321,0.312461669,0.069680876,0.225843148,0.148252923,-0.536929816,-0.280651271,0.11820861,-0.14573558
WINGMAN,EpisodeIV,0.094345003,0.326907493,-0.146267503,-0.473559976,0.623217493,-0.133223005,-0.61937502,-0.202067494,-0.594012499,-0.196864489,-0.466042504,0.76602003,-0.349518761,-0.024216503,0.455485746,0.470164999,0.466502517,-0.210579988,-0.130132496,-0.843577504,-0.185922489,0.540714979,0.112174995,-0.021839991,0.539882511,-1.31269002,-0.96883747,0.207772493,0.324000016,-0.269905016,2.236534953,0.241795018,-0.227876997,-0.284422517,0.235418495,-0.132869504,0.136317492,0.149907004,-0.139022505,-0.779382527,0.068743497,0.341527767,-0.053034991,0.044762745,0.144130003,0.321632512,-0.185970023,-0.270662501,0.169085495,0.590192497
WOMAN,EpisodeIV,0.04452033,-0.22802265,0.099556334,-0.407263309,0.338813394,-0.216935515,-0.657239974,-0.000973334,0.006373336,-0.072423361,-0.108935326,0.051686671,-0.300456673,0.258243322,0.751639903,0.233770013,0.125993431,0.213106677,0.257306993,-0.535830021,0.022097001,0.820766687,0.311661333,0.491813332,0.830709934,-1.373399854,-0.201852635,0.208516657,0.279876679,-0.288600683,2.857899904,0.571196735,-0.118686669,-0.080886662,-0.168035343,-0.038853336,0.131243333,-0.05927667,0.377854347,-0.062950008,-0.424606651,0.450206667,-0.160770342,-0.097543329,0.709410012,-0.086910993,-0.124963343,0.011143661,0.197738007,0.770283401